time, x
0.0000020, 1
0.0000040, 2
0.0000060, 3
0.0000080, 4
0.0000100, 5
0.0000960, 6
0.0000980, 7
0.0001000, 8
0.0001020, 9